{"btc":1.5037038362656763,"cash":1058.9834266901025,"originalPrice":"704.25000","status":-2,"lossThreshold":-0.1,"gainThreshold":0.2,"enterAfterWaitingThreshold":-1}